1,"site:linkedin.com ""Camden"" ""@gmail.com"""
2,"site:linkedin.com ""Tucson"" ""@gmail.com"""
3,"site:linkedin.com ""Anaheim"" ""@gmail.com"""
4,"site:instagram.com ""Seattle"" ""@gmail.com"""
5,"site:x.com ""South San Francisco"" ""@gmail.com"""
6,"site:linkedin.com ""Corona"" ""@gmail.com"""
7,"site:linkedin.com ""Naperville"" ""@gmail.com"""
8,"site:linkedin.com ""Lake Charles"" ""@gmail.com"""
9,"site:instagram.com ""Durham"" ""@gmail.com"""
10,"site:linkedin.com ""Los Angeles"" ""@gmail.com"""
11,"site:linkedin.com ""Boca Raton"" ""@gmail.com"""
12,"site:instagram.com ""Gary"" ""@gmail.com"""
13,"site:instagram.com ""Spokane"" ""@gmail.com"""
14,"site:instagram.com ""Santa Maria"" ""@gmail.com"""
15,"site:x.com ""Port St. Lucie"" ""@gmail.com"""
16,"site:linkedin.com ""Abilene"" ""@gmail.com"""
17,"site:linkedin.com ""College Station"" ""@gmail.com"""
18,"site:instagram.com ""Burbank"" ""@gmail.com"""
19,"site:x.com ""Boise"" ""@gmail.com"""
20,"site:linkedin.com ""Vallejo"" ""@gmail.com"""
21,"site:linkedin.com ""Minneapolis"" ""@gmail.com"""
22,"site:linkedin.com ""Memphis"" ""@gmail.com"""
23,"site:x.com ""Fort Collins"" ""@gmail.com"""
24,"site:x.com ""Tuscaloosa"" ""@gmail.com"""
25,"site:x.com ""Fort Worth"" ""@gmail.com"""
26,"site:instagram.com ""Brownsville"" ""@gmail.com"""
27,"site:x.com ""New York"" ""@gmail.com"""
28,"site:linkedin.com ""Arvada"" ""@gmail.com"""
29,"site:x.com ""Sandy Springs"" ""@gmail.com"""
30,"site:instagram.com ""Bridgeport"" ""@gmail.com"""
31,"site:linkedin.com ""Dearborn"" ""@gmail.com"""
32,"site:x.com ""Escondido"" ""@gmail.com"""
33,"site:instagram.com ""Rialto"" ""@gmail.com"""
34,"site:linkedin.com ""Toledo"" ""@gmail.com"""
35,"site:instagram.com ""Anchorage"" ""@gmail.com"""
36,"site:instagram.com ""Santa Clara"" ""@gmail.com"""
37,"site:instagram.com ""Bend"" ""@gmail.com"""
38,"site:instagram.com ""Odessa"" ""@gmail.com"""
39,"site:instagram.com ""Alhambra"" ""@gmail.com"""
40,"site:instagram.com ""Las Cruces"" ""@gmail.com"""
41,"site:instagram.com ""Carmel"" ""@gmail.com"""
42,"site:x.com ""Chicago"" ""@gmail.com"""
43,"site:instagram.com ""Chandler"" ""@gmail.com"""
44,"site:x.com ""Salinas"" ""@gmail.com"""
45,"site:linkedin.com ""Clovis"" ""@gmail.com"""
46,"site:linkedin.com ""Killeen"" ""@gmail.com"""
47,"site:linkedin.com ""Roseville"" ""@gmail.com"""
48,"site:instagram.com ""Lubbock"" ""@gmail.com"""
49,"site:instagram.com ""Sterling Heights"" ""@gmail.com"""
50,"site:x.com ""New Haven"" ""@gmail.com"""
51,"site:instagram.com ""Gastonia"" ""@gmail.com"""
52,"site:linkedin.com ""Davenport"" ""@gmail.com"""
53,"site:x.com ""Fontana"" ""@gmail.com"""
54,"site:instagram.com ""Frisco"" ""@gmail.com"""
55,"site:instagram.com ""Florissant"" ""@gmail.com"""
56,"site:x.com ""Anchorage"" ""@gmail.com"""
57,"site:linkedin.com ""Pompano Beach"" ""@gmail.com"""
58,"site:x.com ""Hialeah"" ""@gmail.com"""
59,"site:instagram.com ""Rogers"" ""@gmail.com"""
60,"site:instagram.com ""Berkeley"" ""@gmail.com"""
61,"site:x.com ""Miami Beach"" ""@gmail.com"""
62,"site:x.com ""Daly City"" ""@gmail.com"""
63,"site:instagram.com ""Topeka"" ""@gmail.com"""
64,"site:instagram.com ""Vallejo"" ""@gmail.com"""
65,"site:x.com ""Tallahassee"" ""@gmail.com"""
66,"site:instagram.com ""Compton"" ""@gmail.com"""
67,"site:x.com ""Lexington"" ""@gmail.com"""
68,"site:instagram.com ""Pueblo"" ""@gmail.com"""
69,"site:x.com ""Yakima"" ""@gmail.com"""
70,"site:instagram.com ""Elizabeth"" ""@gmail.com"""
71,"site:instagram.com ""Minneapolis"" ""@gmail.com"""
72,"site:instagram.com ""Augusta"" ""@gmail.com"""
73,"site:linkedin.com ""Greensboro"" ""@gmail.com"""
74,"site:x.com ""Seattle"" ""@gmail.com"""
75,"site:x.com ""Los Angeles"" ""@gmail.com"""
76,"site:instagram.com ""Grand Prairie"" ""@gmail.com"""
77,"site:instagram.com ""Nampa"" ""@gmail.com"""
78,"site:linkedin.com ""Pittsburgh"" ""@gmail.com"""
79,"site:linkedin.com ""Milwaukee"" ""@gmail.com"""
80,"site:linkedin.com ""Elgin"" ""@gmail.com"""
81,"site:x.com ""Toledo"" ""@gmail.com"""
82,"site:instagram.com ""Yakima"" ""@gmail.com"""
83,"site:instagram.com ""Richardson"" ""@gmail.com"""
84,"site:instagram.com ""Plano"" ""@gmail.com"""
85,"site:instagram.com ""Louisville"" ""@gmail.com"""
86,"site:x.com ""Savannah"" ""@gmail.com"""
87,"site:instagram.com ""Oxnard"" ""@gmail.com"""
88,"site:linkedin.com ""Ann Arbor"" ""@gmail.com"""
89,"site:x.com ""Oklahoma City"" ""@gmail.com"""
90,"site:instagram.com ""McKinney"" ""@gmail.com"""
91,"site:instagram.com ""Independence"" ""@gmail.com"""
92,"site:instagram.com ""Des Moines"" ""@gmail.com"""
93,"site:instagram.com ""Renton"" ""@gmail.com"""
94,"site:instagram.com ""Portsmouth"" ""@gmail.com"""
95,"site:instagram.com ""Miramar"" ""@gmail.com"""
96,"site:x.com ""Jurupa Valley"" ""@gmail.com"""
97,"site:x.com ""Missoula"" ""@gmail.com"""
98,"site:linkedin.com ""Bakersfield"" ""@gmail.com"""
99,"site:linkedin.com ""Greenville"" ""@gmail.com"""
100,"site:instagram.com ""Joliet"" ""@gmail.com"""
